,Accident_Date,Accident_Time,Location,Accident_Location,Classification_of_Accident,Initial_Impact_Type,Environment_Condition,Light,Road_Surface_Condition,Traffic_Control,Traffic_Control_Condition,No__of_Vehicles,No__of_Injuries
503,2015/08/27,6:04 PM,INNES RD @ ORLEANS BLVD (0003611),02 - Intersection related,03 - P.D. only,07 - SMV other,01 - Clear,01 - Daylight,01 - Dry,01 - Traffic signal,01 - Functioning,1,0
760,2015/08/28,4:17 PM,AVIATION PKWY @ MONTREAL RD (0008799),03 - At intersection,02 - Non-fatal injury,05 - Turning movement,01 - Clear,01 - Daylight,01 - Dry,01 - Traffic signal,01 - Functioning,3,1
792,2015/08/29,3:30 PM,COLDREY AVE @ KIRKWOOD AVE (0006736),03 - At intersection,03 - P.D. only,05 - Turning movement,01 - Clear,01 - Daylight,01 - Dry,01 - Traffic signal,01 - Functioning,2,0
965,2015/09/01,11:55 AM,INNES RD @ ORLEANS BLVD (0003611),02 - Intersection related,03 - P.D. only,02 - Angle,01 - Clear,01 - Daylight,01 - Dry,01 - Traffic signal,01 - Functioning,2,0
1779,2015/09/28,10:55 AM,BANK ST @ RIVERSIDE DR S (0002704),02 - Intersection related,03 - P.D. only,04 - Sideswipe,01 - Clear,01 - Daylight,01 - Dry,01 - Traffic signal,01 - Functioning,2,0
1857,2015/09/23,1:41 PM,HAWTHORNE RD @ LEITRIM RD (0009269),03 - At intersection,02 - Non-fatal injury,02 - Angle,01 - Clear,01 - Daylight,01 - Dry,01 - Traffic signal,01 - Functioning,4,2
2271,2015/10/21,3:45 PM,INNES RD @ ORLEANS BLVD (0003611),02 - Intersection related,03 - P.D. only,03 - Rear end,01 - Clear,01 - Daylight,01 - Dry,01 - Traffic signal,01 - Functioning,2,0
2460,2015/10/14,6:08 PM,HERON RD @ 155 W OF BANK ST/CANADIAN TIRE SC (0008219),03 - At intersection,02 - Non-fatal injury,02 - Angle,01 - Clear,01 - Daylight,01 - Dry,01 - Traffic signal,01 - Functioning,2,1
2518,2015/10/17,4:38 PM,HAWTHORNE RD @ LEITRIM RD (0009269),03 - At intersection,03 - P.D. only,03 - Rear end,01 - Clear,01 - Daylight,01 - Dry,01 - Traffic signal,01 - Functioning,2,0
2545,2015/10/18,9:49 AM,INNES RD @ ORLEANS BLVD (0003611),02 - Intersection related,03 - P.D. only,02 - Angle,01 - Clear,01 - Daylight,01 - Dry,01 - Traffic signal,01 - Functioning,2,0
2701,2015/10/27,2:37 PM,BRONSON AVE @ POWELL AVE (0007212),03 - At intersection,02 - Non-fatal injury,07 - SMV other,01 - Clear,01 - Daylight,01 - Dry,01 - Traffic signal,01 - Functioning,1,1
2956,2015/10/16,2:00 PM,PRINCE OF WALES DR @ MEADOWLANDS DR/HOG'S BACK (0001629),02 - Intersection related,03 - P.D. only,04 - Sideswipe,01 - Clear,01 - Daylight,01 - Dry,01 - Traffic signal,01 - Functioning,2,0
3625,2015/11/19,11:53 AM,PRINCE OF WALES DR @ MEADOWLANDS DR/HOG'S BACK (0001629),02 - Intersection related,03 - P.D. only,03 - Rear end,01 - Clear,01 - Daylight,01 - Dry,01 - Traffic signal,01 - Functioning,2,0
4156,2015/11/21,9:50 AM,BRONSON AVE @ POWELL AVE (0007212),02 - Intersection related,03 - P.D. only,03 - Rear end,01 - Clear,01 - Daylight,01 - Dry,01 - Traffic signal,01 - Functioning,2,0
4512,2015/11/28,11:36 AM,WALKLEY RD @ GLENHAVEN PRIV (0011424),03 - At intersection,03 - P.D. only,05 - Turning movement,01 - Clear,01 - Daylight,01 - Dry,01 - Traffic signal,01 - Functioning,2,0
4916,2015/12/12,11:16 AM,AVIATION PKWY @ MONTREAL RD (0008799),02 - Intersection related,03 - P.D. only,04 - Sideswipe,01 - Clear,01 - Daylight,01 - Dry,01 - Traffic signal,01 - Functioning,2,0
5015,2015/01/28,9:57 AM,CATHERINE ST @ KENT ST (0002707),03 - At intersection,03 - P.D. only,04 - Sideswipe,01 - Clear,01 - Daylight,01 - Dry,01 - Traffic signal,01 - Functioning,2,0
5229,2015/01/27,11:59 AM,INNES RD @ ORLEANS BLVD (0003611),02 - Intersection related,03 - P.D. only,03 - Rear end,01 - Clear,01 - Daylight,01 - Dry,01 - Traffic signal,01 - Functioning,2,0
5240,2015/12/24,10:48 AM,PRINCE OF WALES DR @ MEADOWLANDS DR/HOG'S BACK (0001629),02 - Intersection related,03 - P.D. only,03 - Rear end,01 - Clear,01 - Daylight,01 - Dry,01 - Traffic signal,01 - Functioning,2,0
5444,2015/01/26,8:56 AM,AVIATION PKWY @ MONTREAL RD (0008799),02 - Intersection related,03 - P.D. only,03 - Rear end,01 - Clear,01 - Daylight,01 - Dry,01 - Traffic signal,01 - Functioning,2,0
5456,2015/01/26,9:30 AM,AVIATION PKWY @ MONTREAL RD (0008799),03 - At intersection,03 - P.D. only,05 - Turning movement,01 - Clear,01 - Daylight,01 - Dry,01 - Traffic signal,01 - Functioning,2,0
5512,2015/01/24,3:15 PM,AVIATION PKWY @ MONTREAL RD (0008799),02 - Intersection related,03 - P.D. only,03 - Rear end,01 - Clear,01 - Daylight,01 - Dry,01 - Traffic signal,01 - Functioning,2,0
5884,2015/12/23,10:46 AM,TENTH LINE RD @ VANGUARD DR (0004632),03 - At intersection,03 - P.D. only,05 - Turning movement,01 - Clear,01 - Daylight,01 - Dry,01 - Traffic signal,01 - Functioning,2,0
6214,2015/01/31,4:30 PM,AVIATION PKWY @ MONTREAL RD (0008799),02 - Intersection related,03 - P.D. only,03 - Rear end,01 - Clear,01 - Daylight,01 - Dry,01 - Traffic signal,01 - Functioning,2,0
6464,2015/01/31,2:30 PM,INNES RD @ ORLEANS BLVD (0003611),02 - Intersection related,03 - P.D. only,03 - Rear end,01 - Clear,01 - Daylight,01 - Dry,01 - Traffic signal,01 - Functioning,2,0
7554,2015/01/06,8:51 AM,INNES RD @ ORLEANS BLVD (0003611),02 - Intersection related,02 - Non-fatal injury,03 - Rear end,01 - Clear,01 - Daylight,01 - Dry,01 - Traffic signal,01 - Functioning,2,1
8525,2015/03/01,8:43 AM,CATHERINE ST @ KENT ST (0002707),03 - At intersection,03 - P.D. only,02 - Angle,01 - Clear,01 - Daylight,01 - Dry,01 - Traffic signal,01 - Functioning,2,0
8621,2015/03/17,10:15 AM,BANK ST @ RIVERSIDE DR S (0002704),02 - Intersection related,03 - P.D. only,03 - Rear end,01 - Clear,01 - Daylight,01 - Dry,01 - Traffic signal,01 - Functioning,2,0
8699,2015/03/05,12:08 PM,HERON RD @ 155 W OF BANK ST/CANADIAN TIRE SC (0008219),03 - At intersection,03 - P.D. only,02 - Angle,01 - Clear,01 - Daylight,01 - Dry,01 - Traffic signal,01 - Functioning,2,0
8849,2015/02/27,9:01 AM,COLDREY AVE @ KIRKWOOD AVE (0006736),02 - Intersection related,03 - P.D. only,03 - Rear end,01 - Clear,01 - Daylight,01 - Dry,01 - Traffic signal,01 - Functioning,3,0
9283,2015/04/12,1:48 PM,CEDARVIEW RD @ FALLOWFIELD RD (0001603),03 - At intersection,02 - Non-fatal injury,04 - Sideswipe,01 - Clear,01 - Daylight,01 - Dry,01 - Traffic signal,01 - Functioning,2,1
9476,2015/04/03,3:13 PM,CATHERINE ST @ KENT ST (0002707),03 - At intersection,03 - P.D. only,05 - Turning movement,01 - Clear,01 - Daylight,01 - Dry,01 - Traffic signal,01 - Functioning,2,0
9497,2015/04/04,5:38 PM,AVIATION PKWY @ MONTREAL RD (0008799),02 - Intersection related,03 - P.D. only,04 - Sideswipe,01 - Clear,01 - Daylight,01 - Dry,01 - Traffic signal,01 - Functioning,2,0
9642,2015/03/20,2:53 PM,BRONSON AVE @ POWELL AVE (0007212),02 - Intersection related,03 - P.D. only,03 - Rear end,01 - Clear,01 - Daylight,01 - Dry,01 - Traffic signal,01 - Functioning,3,0
10297,2015/05/06,4:25 PM,WALKLEY RD @ GLENHAVEN PRIV (0011424),03 - At intersection,02 - Non-fatal injury,07 - SMV other,01 - Clear,01 - Daylight,01 - Dry,01 - Traffic signal,01 - Functioning,1,1
10337,2015/05/07,4:38 PM,AVIATION PKWY @ MONTREAL RD (0008799),02 - Intersection related,03 - P.D. only,04 - Sideswipe,01 - Clear,01 - Daylight,01 - Dry,01 - Traffic signal,01 - Functioning,2,0
10403,2015/05/03,5:07 PM,INNES RD @ ORLEANS BLVD (0003611),02 - Intersection related,03 - P.D. only,03 - Rear end,01 - Clear,01 - Daylight,01 - Dry,01 - Traffic signal,01 - Functioning,2,0
10783,2015/04/22,3:50 PM,BANK ST @ RIVERSIDE DR S (0002704),02 - Intersection related,03 - P.D. only,03 - Rear end,01 - Clear,01 - Daylight,01 - Dry,01 - Traffic signal,01 - Functioning,2,0
10878,2015/04/29,2:42 PM,BANK ST @ RIVERSIDE DR S (0002704),02 - Intersection related,03 - P.D. only,03 - Rear end,01 - Clear,01 - Daylight,01 - Dry,01 - Traffic signal,01 - Functioning,2,0
11382,2015/05/19,7:11 PM,COLDREY AVE @ KIRKWOOD AVE (0006736),02 - Intersection related,03 - P.D. only,07 - SMV other,01 - Clear,01 - Daylight,01 - Dry,01 - Traffic signal,01 - Functioning,1,0
11494,2015/05/21,7:25 PM,PRINCE OF WALES DR @ MEADOWLANDS DR/HOG'S BACK (0001629),02 - Intersection related,03 - P.D. only,04 - Sideswipe,01 - Clear,01 - Daylight,01 - Dry,01 - Traffic signal,01 - Functioning,2,0
11539,2015/05/22,4:27 PM,INNES RD @ ORLEANS BLVD (0003611),02 - Intersection related,03 - P.D. only,02 - Angle,01 - Clear,01 - Daylight,01 - Dry,01 - Traffic signal,01 - Functioning,2,0
11585,2015/06/02,5:22 PM,HERON RD @ 155 W OF BANK ST/CANADIAN TIRE SC (0008219),02 - Intersection related,03 - P.D. only,03 - Rear end,01 - Clear,01 - Daylight,01 - Dry,01 - Traffic signal,01 - Functioning,3,0
11712,2015/05/26,9:43 AM,COLDREY AVE @ KIRKWOOD AVE (0006736),03 - At intersection,02 - Non-fatal injury,05 - Turning movement,01 - Clear,01 - Daylight,01 - Dry,01 - Traffic signal,01 - Functioning,2,1
11727,2015/05/27,3:13 PM,GLADSTONE AVE @ ROCHESTER ST (0006496),03 - At intersection,02 - Non-fatal injury,07 - SMV other,01 - Clear,01 - Daylight,01 - Dry,01 - Traffic signal,01 - Functioning,1,2
11802,2015/06/01,1:20 PM,BRONSON AVE @ POWELL AVE (0007212),03 - At intersection,03 - P.D. only,05 - Turning movement,01 - Clear,01 - Daylight,01 - Dry,01 - Traffic signal,01 - Functioning,2,0
11985,2015/05/14,9:25 AM,GLADSTONE AVE @ ROCHESTER ST (0006496),02 - Intersection related,03 - P.D. only,04 - Sideswipe,01 - Clear,01 - Daylight,01 - Dry,01 - Traffic signal,01 - Functioning,2,0
12823,2015/06/23,8:00 AM,CEDARVIEW RD @ FALLOWFIELD RD (0001603),02 - Intersection related,03 - P.D. only,03 - Rear end,01 - Clear,01 - Daylight,01 - Dry,01 - Traffic signal,01 - Functioning,2,0
12933,2015/06/24,7:53 AM,PRINCE OF WALES DR @ MEADOWLANDS DR/HOG'S BACK (0001629),03 - At intersection,02 - Non-fatal injury,05 - Turning movement,01 - Clear,01 - Daylight,01 - Dry,01 - Traffic signal,01 - Functioning,2,1
13152,2015/07/03,3:23 PM,BANK ST @ RIVERSIDE DR S (0002704),02 - Intersection related,03 - P.D. only,04 - Sideswipe,01 - Clear,01 - Daylight,01 - Dry,01 - Traffic signal,01 - Functioning,2,0
13185,2015/07/04,2:28 PM,BANK ST @ RIVERSIDE DR S (0002704),03 - At intersection,03 - P.D. only,05 - Turning movement,01 - Clear,01 - Daylight,01 - Dry,01 - Traffic signal,01 - Functioning,2,0
13225,2015/07/06,12:10 PM,TENTH LINE RD @ VANGUARD DR (0004632),03 - At intersection,02 - Non-fatal injury,02 - Angle,01 - Clear,01 - Daylight,01 - Dry,01 - Traffic signal,01 - Functioning,2,3
13232,2015/07/06,12:26 PM,CATHERINE ST @ KENT ST (0002707),03 - At intersection,02 - Non-fatal injury,05 - Turning movement,01 - Clear,01 - Daylight,01 - Dry,01 - Traffic signal,01 - Functioning,2,1
13241,2015/07/06,2:59 PM,CATHERINE ST @ KENT ST (0002707),03 - At intersection,03 - P.D. only,05 - Turning movement,01 - Clear,01 - Daylight,01 - Dry,01 - Traffic signal,01 - Functioning,2,0
13542,2015/07/02,9:35 AM,BRONSON AVE @ POWELL AVE (0007212),03 - At intersection,03 - P.D. only,05 - Turning movement,01 - Clear,01 - Daylight,01 - Dry,01 - Traffic signal,01 - Functioning,2,0
13583,2015/07/07,2:45 PM,BANK ST @ RIVERSIDE DR S (0002704),02 - Intersection related,02 - Non-fatal injury,03 - Rear end,01 - Clear,01 - Daylight,01 - Dry,01 - Traffic signal,01 - Functioning,3,2
13697,2015/07/14,8:10 AM,INNES RD @ ORLEANS BLVD (0003611),02 - Intersection related,02 - Non-fatal injury,03 - Rear end,01 - Clear,01 - Daylight,01 - Dry,01 - Traffic signal,01 - Functioning,2,1
13788,2015/07/09,5:10 PM,INNES RD @ ORLEANS BLVD (0003611),02 - Intersection related,03 - P.D. only,03 - Rear end,01 - Clear,01 - Daylight,01 - Dry,01 - Traffic signal,01 - Functioning,2,0
14039,2015/07/29,5:34 PM,COLDREY AVE @ KIRKWOOD AVE (0006736),03 - At intersection,03 - P.D. only,05 - Turning movement,01 - Clear,01 - Daylight,01 - Dry,01 - Traffic signal,01 - Functioning,2,0
14275,2015/01/15,11:59 AM,COLDREY AVE @ KIRKWOOD AVE (0006736),03 - At intersection,03 - P.D. only,05 - Turning movement,01 - Clear,01 - Daylight,01 - Dry,01 - Traffic signal,01 - Functioning,2,0
14290,2015/08/10,6:38 PM,AVIATION PKWY @ MONTREAL RD (0008799),02 - Intersection related,02 - Non-fatal injury,03 - Rear end,01 - Clear,01 - Daylight,01 - Dry,01 - Traffic signal,01 - Functioning,2,1
14342,2015/07/26,3:33 PM,BRONSON AVE @ POWELL AVE (0007212),03 - At intersection,02 - Non-fatal injury,05 - Turning movement,01 - Clear,01 - Daylight,01 - Dry,01 - Traffic signal,01 - Functioning,2,1
14432,2015/08/08,3:36 PM,PRINCE OF WALES DR @ MEADOWLANDS DR/HOG'S BACK (0001629),03 - At intersection,02 - Non-fatal injury,05 - Turning movement,01 - Clear,01 - Daylight,01 - Dry,01 - Traffic signal,01 - Functioning,2,3
14451,2015/08/03,10:21 AM,BANK ST @ RIVERSIDE DR S (0002704),03 - At intersection,03 - P.D. only,02 - Angle,01 - Clear,01 - Daylight,01 - Dry,01 - Traffic signal,01 - Functioning,2,0
14836,2015/08/05,5:06 PM,COLDREY AVE @ KIRKWOOD AVE (0006736),02 - Intersection related,03 - P.D. only,03 - Rear end,01 - Clear,01 - Daylight,01 - Dry,01 - Traffic signal,01 - Functioning,2,0
14850,2015/08/05,7:58 AM,GLADSTONE AVE @ ROCHESTER ST (0006496),02 - Intersection related,03 - P.D. only,04 - Sideswipe,01 - Clear,01 - Daylight,01 - Dry,01 - Traffic signal,01 - Functioning,2,0
27,2016/09/24,3:44 PM,BANK ST @ RIVERSIDE DR S (0002704),02 - Intersection related,03 - P.D. only,04 - Sideswipe,01 - Clear,01 - Daylight,01 - Dry,01 - Traffic signal,01 - Functioning,2,0
102,2016/10/05,10:25 AM,AVIATION PKWY @ MONTREAL RD (0008799),02 - Intersection related,03 - P.D. only,05 - Turning movement,01 - Clear,01 - Daylight,01 - Dry,01 - Traffic signal,01 - Functioning,2,0
110,2016/10/05,12:30 PM,AVIATION PKWY @ MONTREAL RD (0008799),03 - At intersection,03 - P.D. only,05 - Turning movement,01 - Clear,01 - Daylight,01 - Dry,01 - Traffic signal,01 - Functioning,2,0
240,2016/10/16,4:17 PM,PRINCE OF WALES DR @ MEADOWLANDS DR/HOG'S BACK (0001629),03 - At intersection,02 - Non-fatal injury,02 - Angle,01 - Clear,01 - Daylight,01 - Dry,01 - Traffic signal,01 - Functioning,2,1
287,2016/10/17,8:16 AM,PRINCE OF WALES DR @ MEADOWLANDS DR/HOG'S BACK (0001629),03 - At intersection,03 - P.D. only,05 - Turning movement,01 - Clear,01 - Daylight,01 - Dry,01 - Traffic signal,01 - Functioning,2,0
558,2016/10/14,3:01 PM,HAWTHORNE RD @ LEITRIM RD (0009269),03 - At intersection,03 - P.D. only,07 - SMV other,01 - Clear,01 - Daylight,01 - Dry,01 - Traffic signal,01 - Functioning,1,0
581,2016/10/14,8:16 AM,INNES RD @ ORLEANS BLVD (0003611),02 - Intersection related,03 - P.D. only,02 - Angle,01 - Clear,01 - Daylight,01 - Dry,01 - Traffic signal,01 - Functioning,2,0
1239,2016/10/25,10:00 AM,AVIATION PKWY @ MONTREAL RD (0008799),03 - At intersection,02 - Non-fatal injury,05 - Turning movement,01 - Clear,01 - Daylight,01 - Dry,01 - Traffic signal,01 - Functioning,2,1
1270,2016/10/26,11:22 AM,INNES RD @ ORLEANS BLVD (0003611),03 - At intersection,03 - P.D. only,05 - Turning movement,01 - Clear,01 - Daylight,01 - Dry,01 - Traffic signal,01 - Functioning,2,0
1305,2016/10/27,1:32 PM,BANK ST @ RIVERSIDE DR S (0002704),03 - At intersection,03 - P.D. only,02 - Angle,01 - Clear,01 - Daylight,01 - Dry,01 - Traffic signal,01 - Functioning,2,0
1370,2016/01/23,3:17 PM,CATHERINE ST @ KENT ST (0002707),03 - At intersection,03 - P.D. only,02 - Angle,01 - Clear,01 - Daylight,01 - Dry,01 - Traffic signal,01 - Functioning,2,0
1536,2016/11/02,11:27 AM,BANK ST @ RIVERSIDE DR S (0002704),02 - Intersection related,03 - P.D. only,03 - Rear end,01 - Clear,01 - Daylight,01 - Dry,01 - Traffic signal,01 - Functioning,2,0
1680,2016/11/08,11:32 AM,GLADSTONE AVE @ ROCHESTER ST (0006496),03 - At intersection,02 - Non-fatal injury,07 - SMV other,01 - Clear,01 - Daylight,01 - Dry,01 - Traffic signal,01 - Functioning,1,1
2079,2016/11/18,1:28 PM,AVIATION PKWY @ MONTREAL RD (0008799),02 - Intersection related,02 - Non-fatal injury,03 - Rear end,01 - Clear,01 - Daylight,01 - Dry,01 - Traffic signal,01 - Functioning,2,1
3369,2016/12/10,12:52 PM,BRONSON AVE @ POWELL AVE (0007212),02 - Intersection related,03 - P.D. only,02 - Angle,01 - Clear,01 - Daylight,01 - Dry,01 - Traffic signal,01 - Functioning,2,0
3376,2016/12/10,3:31 PM,CATHERINE ST @ KENT ST (0002707),03 - At intersection,03 - P.D. only,05 - Turning movement,01 - Clear,01 - Daylight,01 - Dry,01 - Traffic signal,01 - Functioning,2,0
3460,2016/12/19,3:05 PM,AVIATION PKWY @ MONTREAL RD (0008799),03 - At intersection,02 - Non-fatal injury,05 - Turning movement,01 - Clear,01 - Daylight,01 - Dry,01 - Traffic signal,01 - Functioning,2,1
4292,2016/02/08,8:50 AM,PRINCE OF WALES DR @ MEADOWLANDS DR/HOG'S BACK (0001629),03 - At intersection,03 - P.D. only,05 - Turning movement,01 - Clear,01 - Daylight,01 - Dry,01 - Traffic signal,01 - Functioning,2,0
4656,2016/02/02,5:10 PM,AVIATION PKWY @ MONTREAL RD (0008799),02 - Intersection related,03 - P.D. only,03 - Rear end,01 - Clear,01 - Daylight,01 - Dry,01 - Traffic signal,01 - Functioning,2,0
4899,2016/12/30,1:43 PM,BANK ST @ RIVERSIDE DR S (0002704),02 - Intersection related,03 - P.D. only,04 - Sideswipe,01 - Clear,01 - Daylight,01 - Dry,01 - Traffic signal,01 - Functioning,2,0
5043,2016/02/22,1:47 PM,CEDARVIEW RD @ FALLOWFIELD RD (0001603),02 - Intersection related,02 - Non-fatal injury,04 - Sideswipe,01 - Clear,01 - Daylight,01 - Dry,01 - Traffic signal,01 - Functioning,2,2
5207,2016/02/13,9:28 AM,AVIATION PKWY @ MONTREAL RD (0008799),03 - At intersection,03 - P.D. only,05 - Turning movement,01 - Clear,01 - Daylight,01 - Dry,01 - Traffic signal,01 - Functioning,2,0
5654,2016/02/14,3:45 PM,PRINCE OF WALES DR @ MEADOWLANDS DR/HOG'S BACK (0001629),03 - At intersection,03 - P.D. only,04 - Sideswipe,01 - Clear,01 - Daylight,01 - Dry,01 - Traffic signal,01 - Functioning,2,0
6343,2016/03/17,5:13 PM,HAWTHORNE RD @ LEITRIM RD (0009269),02 - Intersection related,02 - Non-fatal injury,03 - Rear end,01 - Clear,01 - Daylight,01 - Dry,01 - Traffic signal,01 - Functioning,3,1
6613,2016/03/17,10:40 AM,AVIATION PKWY @ MONTREAL RD (0008799),03 - At intersection,03 - P.D. only,05 - Turning movement,01 - Clear,01 - Daylight,01 - Dry,01 - Traffic signal,01 - Functioning,2,0
6686,2016/03/04,3:34 PM,TENTH LINE RD @ VANGUARD DR (0004632),03 - At intersection,03 - P.D. only,05 - Turning movement,01 - Clear,01 - Daylight,01 - Dry,01 - Traffic signal,01 - Functioning,2,0
7598,2016/04/12,6:41 PM,INNES RD @ ORLEANS BLVD (0003611),02 - Intersection related,02 - Non-fatal injury,03 - Rear end,01 - Clear,01 - Daylight,01 - Dry,01 - Traffic signal,01 - Functioning,2,2
7764,2016/04/15,12:53 PM,HAWTHORNE RD @ LEITRIM RD (0009269),02 - Intersection related,03 - P.D. only,03 - Rear end,01 - Clear,01 - Daylight,01 - Dry,01 - Traffic signal,01 - Functioning,2,0
8175,2016/04/28,10:10 AM,GLADSTONE AVE @ ROCHESTER ST (0006496),03 - At intersection,02 - Non-fatal injury,02 - Angle,01 - Clear,01 - Daylight,01 - Dry,01 - Traffic signal,01 - Functioning,2,1
8178,2016/04/28,10:30 AM,INNES RD @ ORLEANS BLVD (0003611),03 - At intersection,03 - P.D. only,05 - Turning movement,01 - Clear,01 - Daylight,01 - Dry,01 - Traffic signal,01 - Functioning,2,0
8759,2016/04/24,2:07 PM,PRINCE OF WALES DR @ MEADOWLANDS DR/HOG'S BACK (0001629),02 - Intersection related,03 - P.D. only,03 - Rear end,01 - Clear,01 - Daylight,01 - Dry,01 - Traffic signal,01 - Functioning,2,0
8769,2016/04/25,1:47 PM,COLDREY AVE @ KIRKWOOD AVE (0006736),03 - At intersection,03 - P.D. only,05 - Turning movement,01 - Clear,01 - Daylight,01 - Dry,01 - Traffic signal,01 - Functioning,2,0
8861,2016/04/21,12:48 PM,TENTH LINE RD @ VANGUARD DR (0004632),03 - At intersection,02 - Non-fatal injury,07 - SMV other,01 - Clear,01 - Daylight,01 - Dry,01 - Traffic signal,01 - Functioning,1,1
9153,2016/06/09,7:16 PM,INNES RD @ ORLEANS BLVD (0003611),02 - Intersection related,03 - P.D. only,03 - Rear end,01 - Clear,01 - Daylight,01 - Dry,01 - Traffic signal,01 - Functioning,2,0
9407,2016/05/27,2:07 PM,CATHERINE ST @ KENT ST (0002707),02 - Intersection related,03 - P.D. only,04 - Sideswipe,01 - Clear,01 - Daylight,01 - Dry,01 - Traffic signal,01 - Functioning,2,0
9433,2016/06/03,7:33 PM,PRINCE OF WALES DR @ MEADOWLANDS DR/HOG'S BACK (0001629),03 - At intersection,03 - P.D. only,05 - Turning movement,01 - Clear,01 - Daylight,01 - Dry,01 - Traffic signal,01 - Functioning,2,0
9535,2016/05/30,1:50 PM,PRINCE OF WALES DR @ MEADOWLANDS DR/HOG'S BACK (0001629),02 - Intersection related,03 - P.D. only,03 - Rear end,01 - Clear,01 - Daylight,01 - Dry,01 - Traffic signal,01 - Functioning,2,0
9578,2016/06/01,5:44 PM,TENTH LINE RD @ VANGUARD DR (0004632),03 - At intersection,03 - P.D. only,05 - Turning movement,01 - Clear,01 - Daylight,01 - Dry,01 - Traffic signal,01 - Functioning,2,0
9616,2016/06/02,12:47 PM,COLDREY AVE @ KIRKWOOD AVE (0006736),02 - Intersection related,03 - P.D. only,03 - Rear end,01 - Clear,01 - Daylight,01 - Dry,01 - Traffic signal,01 - Functioning,2,0
9718,2016/05/22,11:04 AM,INNES RD @ ORLEANS BLVD (0003611),03 - At intersection,03 - P.D. only,05 - Turning movement,01 - Clear,01 - Daylight,01 - Dry,01 - Traffic signal,01 - Functioning,2,0
9763,2016/06/04,12:52 PM,CATHERINE ST @ KENT ST (0002707),03 - At intersection,03 - P.D. only,04 - Sideswipe,01 - Clear,01 - Daylight,01 - Dry,01 - Traffic signal,01 - Functioning,2,0
9868,2016/05/19,2:55 PM,WALKLEY RD @ GLENHAVEN PRIV (0011424),03 - At intersection,02 - Non-fatal injury,07 - SMV other,01 - Clear,01 - Daylight,01 - Dry,01 - Traffic signal,01 - Functioning,1,1
9905,2016/05/20,12:22 PM,BRONSON AVE @ POWELL AVE (0007212),02 - Intersection related,03 - P.D. only,03 - Rear end,01 - Clear,01 - Daylight,01 - Dry,01 - Traffic signal,01 - Functioning,3,0