,Accident_Date,Accident_Time,Location,Accident_Location,Classification_of_Accident,Initial_Impact_Type,Environment_Condition,Light,Road_Surface_Condition,Traffic_Control,Traffic_Control_Condition,No__of_Vehicles,No__of_Injuries
10307,2016/06/27,2:50 PM,CEDARVIEW RD @ FALLOWFIELD RD (0001603),02 - Intersection related,03 - P.D. only,02 - Angle,01 - Clear,01 - Daylight,01 - Dry,01 - Traffic signal,01 - Functioning,2,0
10447,2016/06/21,1:01 PM,BRONSON AVE @ POWELL AVE (0007212),02 - Intersection related,03 - P.D. only,04 - Sideswipe,01 - Clear,01 - Daylight,01 - Dry,01 - Traffic signal,01 - Functioning,2,0
10742,2016/07/05,4:20 PM,PRINCE OF WALES DR @ MEADOWLANDS DR/HOG'S BACK (0001629),02 - Intersection related,03 - P.D. only,03 - Rear end,01 - Clear,01 - Daylight,01 - Dry,01 - Traffic signal,01 - Functioning,2,0
11015,2016/07/08,12:30 PM,BANK ST @ RIVERSIDE DR S (0002704),03 - At intersection,03 - P.D. only,03 - Rear end,01 - Clear,01 - Daylight,01 - Dry,01 - Traffic signal,01 - Functioning,2,0
11150,2016/07/08,8:55 AM,PRINCE OF WALES DR @ MEADOWLANDS DR/HOG'S BACK (0001629),02 - Intersection related,02 - Non-fatal injury,02 - Angle,01 - Clear,01 - Daylight,01 - Dry,01 - Traffic signal,01 - Functioning,2,1
11397,2016/07/18,8:08 AM,AVIATION PKWY @ MONTREAL RD (0008799),03 - At intersection,03 - P.D. only,05 - Turning movement,01 - Clear,01 - Daylight,01 - Dry,01 - Traffic signal,01 - Functioning,2,0
11478,2016/07/12,4:00 PM,AVIATION PKWY @ MONTREAL RD (0008799),02 - Intersection related,03 - P.D. only,02 - Angle,01 - Clear,01 - Daylight,01 - Dry,01 - Traffic signal,01 - Functioning,2,0
11609,2016/07/28,4:00 PM,INNES RD @ ORLEANS BLVD (0003611),02 - Intersection related,03 - P.D. only,03 - Rear end,01 - Clear,01 - Daylight,01 - Dry,01 - Traffic signal,01 - Functioning,2,0
11735,2016/07/20,10:36 AM,AVIATION PKWY @ MONTREAL RD (0008799),02 - Intersection related,03 - P.D. only,03 - Rear end,01 - Clear,01 - Daylight,01 - Dry,01 - Traffic signal,01 - Functioning,2,0
11781,2016/07/21,1:08 PM,INNES RD @ ORLEANS BLVD (0003611),02 - Intersection related,02 - Non-fatal injury,03 - Rear end,01 - Clear,01 - Daylight,01 - Dry,01 - Traffic signal,01 - Functioning,3,2
12960,2016/08/23,1:35 PM,TENTH LINE RD @ VANGUARD DR (0004632),02 - Intersection related,02 - Non-fatal injury,02 - Angle,01 - Clear,01 - Daylight,01 - Dry,01 - Traffic signal,01 - Functioning,2,1
12972,2016/08/23,2:00 PM,TENTH LINE RD @ VANGUARD DR (0004632),03 - At intersection,02 - Non-fatal injury,02 - Angle,01 - Clear,01 - Daylight,01 - Dry,01 - Traffic signal,01 - Functioning,2,1
13097,2016/09/23,6:00 PM,CATHERINE ST @ KENT ST (0002707),02 - Intersection related,03 - P.D. only,04 - Sideswipe,01 - Clear,01 - Daylight,01 - Dry,01 - Traffic signal,01 - Functioning,2,0
13135,2016/09/07,2:22 PM,GLADSTONE AVE @ ROCHESTER ST (0006496),03 - At intersection,02 - Non-fatal injury,02 - Angle,01 - Clear,01 - Daylight,01 - Dry,01 - Traffic signal,01 - Functioning,2,2
13242,2016/08/30,5:06 PM,BANK ST @ RIVERSIDE DR S (0002704),02 - Intersection related,03 - P.D. only,03 - Rear end,01 - Clear,01 - Daylight,01 - Dry,01 - Traffic signal,01 - Functioning,2,0
13653,2016/09/10,4:49 PM,CATHERINE ST @ KENT ST (0002707),03 - At intersection,02 - Non-fatal injury,05 - Turning movement,01 - Clear,01 - Daylight,01 - Dry,01 - Traffic signal,01 - Functioning,2,1
13677,2016/01/20,3:28 PM,BANK ST @ RIVERSIDE DR S (0002704),02 - Intersection related,03 - P.D. only,03 - Rear end,01 - Clear,01 - Daylight,01 - Dry,01 - Traffic signal,01 - Functioning,2,0
13693,2016/01/21,1:34 PM,BANK ST @ RIVERSIDE DR S (0002704),03 - At intersection,03 - P.D. only,02 - Angle,01 - Clear,01 - Daylight,01 - Dry,01 - Traffic signal,01 - Functioning,2,0
23,10/5/2017,3:20 PM,AVIATION PKWY @ MONTREAL RD (0008799),02 - Intersection related,03 - P.D. only,03 - Rear end,01 - Clear,01 - Daylight,01 - Dry,01 - Traffic signal,01 - Functioning,2,0
735,10/19/2017,11:48 AM,CATHERINE ST @ KENT ST (0002707),03 - At intersection,03 - P.D. only,05 - Turning movement,01 - Clear,01 - Daylight,01 - Dry,01 - Traffic signal,01 - Functioning,2,0
819,10/2/2017,7:08 AM,COLDREY AVE @ KIRKWOOD AVE (0006736),03 - At intersection,03 - P.D. only,05 - Turning movement,01 - Clear,01 - Daylight,01 - Dry,01 - Traffic signal,01 - Functioning,2,0
1166,10/27/2017,11:16 AM,AVIATION PKWY @ MONTREAL RD (0008799),02 - Intersection related,03 - P.D. only,02 - Angle,01 - Clear,01 - Daylight,01 - Dry,01 - Traffic signal,01 - Functioning,2,0
1303,11/4/2017,11:29 AM,CEDARVIEW RD @ FALLOWFIELD RD (0001603),02 - Intersection related,03 - P.D. only,05 - Turning movement,01 - Clear,01 - Daylight,01 - Dry,01 - Traffic signal,01 - Functioning,2,0
1672,11/6/2017,4:00 PM,TENTH LINE RD @ VANGUARD DR (0004632),02 - Intersection related,02 - Non-fatal injury,03 - Rear end,01 - Clear,01 - Daylight,01 - Dry,01 - Traffic signal,01 - Functioning,2,1
2195,11/22/2017,4:17 PM,INNES RD @ ORLEANS BLVD (0003611),03 - At intersection,02 - Non-fatal injury,02 - Angle,01 - Clear,01 - Daylight,01 - Dry,01 - Traffic signal,01 - Functioning,3,1
3030,12/13/2017,3:15 PM,TENTH LINE RD @ VANGUARD DR (0004632),03 - At intersection,03 - P.D. only,04 - Sideswipe,01 - Clear,01 - Daylight,01 - Dry,01 - Traffic signal,01 - Functioning,2,0
3735,12/14/2017,2:26 PM,BANK ST @ RIVERSIDE DR S (0002704),02 - Intersection related,03 - P.D. only,04 - Sideswipe,01 - Clear,01 - Daylight,01 - Dry,01 - Traffic signal,01 - Functioning,2,0
4151,12/29/2017,12:30 PM,CATHERINE ST @ KENT ST (0002707),03 - At intersection,03 - P.D. only,05 - Turning movement,01 - Clear,01 - Daylight,01 - Dry,01 - Traffic signal,01 - Functioning,2,0
5156,2/20/2017,2:44 PM,PRINCE OF WALES DR @ MEADOWLANDS DR/HOG'S BACK (0001629),03 - At intersection,02 - Non-fatal injury,02 - Angle,01 - Clear,01 - Daylight,01 - Dry,01 - Traffic signal,01 - Functioning,3,5
5444,2/10/2017,8:06 AM,AVIATION PKWY @ MONTREAL RD (0008799),03 - At intersection,03 - P.D. only,02 - Angle,01 - Clear,01 - Daylight,01 - Dry,01 - Traffic signal,01 - Functioning,2,0
5531,2/9/2017,12:15 PM,GLADSTONE AVE @ ROCHESTER ST (0006496),03 - At intersection,03 - P.D. only,02 - Angle,01 - Clear,01 - Daylight,01 - Dry,01 - Traffic signal,01 - Functioning,2,0
5547,1/2/2017,1:43 PM,INNES RD @ ORLEANS BLVD (0003611),02 - Intersection related,03 - P.D. only,03 - Rear end,01 - Clear,01 - Daylight,01 - Dry,01 - Traffic signal,01 - Functioning,2,0
5730,2/10/2017,4:01 PM,CATHERINE ST @ KENT ST (0002707),03 - At intersection,03 - P.D. only,05 - Turning movement,01 - Clear,01 - Daylight,01 - Dry,01 - Traffic signal,01 - Functioning,2,0
6689,3/17/2017,11:45 AM,CATHERINE ST @ KENT ST (0002707),03 - At intersection,03 - P.D. only,04 - Sideswipe,01 - Clear,01 - Daylight,01 - Dry,01 - Traffic signal,01 - Functioning,2,0
6730,3/17/2017,9:33 AM,BRONSON AVE @ POWELL AVE (0007212),02 - Intersection related,03 - P.D. only,03 - Rear end,01 - Clear,01 - Daylight,01 - Dry,01 - Traffic signal,01 - Functioning,3,0
7308,3/25/2017,9:09 AM,BANK ST @ RIVERSIDE DR S (0002704),03 - At intersection,03 - P.D. only,02 - Angle,01 - Clear,01 - Daylight,01 - Dry,01 - Traffic signal,01 - Functioning,2,0
7774,4/12/2017,3:21 PM,CATHERINE ST @ KENT ST (0002707),03 - At intersection,03 - P.D. only,02 - Angle,01 - Clear,01 - Daylight,01 - Dry,01 - Traffic signal,01 - Functioning,2,0
7827,4/5/2017,3:30 PM,AVIATION PKWY @ MONTREAL RD (0008799),02 - Intersection related,03 - P.D. only,04 - Sideswipe,01 - Clear,01 - Daylight,01 - Dry,01 - Traffic signal,01 - Functioning,2,0
8260,4/28/2017,7:56 AM,AVIATION PKWY @ MONTREAL RD (0008799),02 - Intersection related,02 - Non-fatal injury,03 - Rear end,01 - Clear,01 - Daylight,01 - Dry,01 - Traffic signal,01 - Functioning,2,1
8780,4/17/2017,12:09 PM,COLDREY AVE @ KIRKWOOD AVE (0006736),03 - At intersection,03 - P.D. only,05 - Turning movement,01 - Clear,01 - Daylight,01 - Dry,01 - Traffic signal,01 - Functioning,2,0
8814,4/18/2017,6:38 PM,TENTH LINE RD @ VANGUARD DR (0004632),03 - At intersection,02 - Non-fatal injury,05 - Turning movement,01 - Clear,01 - Daylight,01 - Dry,01 - Traffic signal,01 - Functioning,2,2
9095,5/18/2017,8:47 AM,INNES RD @ ORLEANS BLVD (0003611),03 - At intersection,02 - Non-fatal injury,07 - SMV other,01 - Clear,01 - Daylight,01 - Dry,01 - Traffic signal,01 - Functioning,1,1
9291,6/5/2017,9:40 AM,AVIATION PKWY @ MONTREAL RD (0008799),02 - Intersection related,03 - P.D. only,03 - Rear end,01 - Clear,01 - Daylight,01 - Dry,01 - Traffic signal,01 - Functioning,2,0
9535,5/23/2017,10:16 AM,GLADSTONE AVE @ ROCHESTER ST (0006496),03 - At intersection,02 - Non-fatal injury,05 - Turning movement,01 - Clear,01 - Daylight,01 - Dry,01 - Traffic signal,01 - Functioning,2,1
9591,5/24/2017,11:26 AM,TENTH LINE RD @ VANGUARD DR (0004632),03 - At intersection,03 - P.D. only,05 - Turning movement,01 - Clear,01 - Daylight,01 - Dry,01 - Traffic signal,01 - Functioning,2,0
9771,1/13/2017,2:41 PM,INNES RD @ ORLEANS BLVD (0003611),02 - Intersection related,02 - Non-fatal injury,03 - Rear end,01 - Clear,01 - Daylight,01 - Dry,01 - Traffic signal,01 - Functioning,2,1
9876,6/2/2017,1:39 PM,INNES RD @ ORLEANS BLVD (0003611),03 - At intersection,03 - P.D. only,05 - Turning movement,01 - Clear,01 - Daylight,01 - Dry,01 - Traffic signal,01 - Functioning,2,0
10471,6/22/2017,4:30 PM,INNES RD @ ORLEANS BLVD (0003611),02 - Intersection related,03 - P.D. only,03 - Rear end,01 - Clear,01 - Daylight,01 - Dry,01 - Traffic signal,01 - Functioning,2,0
10618,6/15/2017,6:27 PM,TENTH LINE RD @ VANGUARD DR (0004632),03 - At intersection,03 - P.D. only,02 - Angle,01 - Clear,01 - Daylight,01 - Dry,01 - Traffic signal,01 - Functioning,2,0
10764,6/12/2017,4:00 PM,AVIATION PKWY @ MONTREAL RD (0008799),02 - Intersection related,03 - P.D. only,99 - Other,01 - Clear,01 - Daylight,01 - Dry,01 - Traffic signal,01 - Functioning,2,0
10842,6/24/2017,2:28 PM,BANK ST @ RIVERSIDE DR S (0002704),02 - Intersection related,03 - P.D. only,03 - Rear end,01 - Clear,01 - Daylight,01 - Dry,01 - Traffic signal,01 - Functioning,2,0
11130,7/6/2017,5:14 PM,WALKLEY RD @ GLENHAVEN PRIV (0011424),02 - Intersection related,03 - P.D. only,03 - Rear end,01 - Clear,01 - Daylight,01 - Dry,01 - Traffic signal,01 - Functioning,2,0
11809,7/22/2017,8:41 AM,AVIATION PKWY @ MONTREAL RD (0008799),02 - Intersection related,03 - P.D. only,02 - Angle,01 - Clear,01 - Daylight,01 - Dry,01 - Traffic signal,01 - Functioning,3,0
11884,7/25/2017,12:23 PM,CATHERINE ST @ KENT ST (0002707),03 - At intersection,03 - P.D. only,02 - Angle,01 - Clear,01 - Daylight,01 - Dry,01 - Traffic signal,01 - Functioning,2,0
11938,7/29/2017,2:46 PM,GLADSTONE AVE @ ROCHESTER ST (0006496),03 - At intersection,02 - Non-fatal injury,99 - Other,01 - Clear,01 - Daylight,01 - Dry,01 - Traffic signal,01 - Functioning,2,1
12310,8/15/2017,6:18 AM,TENTH LINE RD @ VANGUARD DR (0004632),03 - At intersection,03 - P.D. only,05 - Turning movement,01 - Clear,01 - Daylight,01 - Dry,01 - Traffic signal,01 - Functioning,2,0
12591,8/17/2017,5:16 PM,HAWTHORNE RD @ LEITRIM RD (0009269),02 - Intersection related,03 - P.D. only,03 - Rear end,01 - Clear,01 - Daylight,01 - Dry,01 - Traffic signal,01 - Functioning,5,0
12607,8/17/2017,9:16 AM,CATHERINE ST @ KENT ST (0002707),03 - At intersection,03 - P.D. only,05 - Turning movement,01 - Clear,01 - Daylight,01 - Dry,01 - Traffic signal,01 - Functioning,2,0
12816,8/4/2017,1:30 PM,CATHERINE ST @ KENT ST (0002707),03 - At intersection,03 - P.D. only,05 - Turning movement,01 - Clear,01 - Daylight,01 - Dry,01 - Traffic signal,01 - Functioning,2,0
12927,8/26/2017,3:16 PM,BANK ST @ RIVERSIDE DR S (0002704),02 - Intersection related,03 - P.D. only,03 - Rear end,01 - Clear,01 - Daylight,01 - Dry,01 - Traffic signal,01 - Functioning,3,0
12979,8/28/2017,6:42 PM,CATHERINE ST @ KENT ST (0002707),03 - At intersection,03 - P.D. only,05 - Turning movement,01 - Clear,01 - Daylight,01 - Dry,01 - Traffic signal,01 - Functioning,2,0
13000,9/14/2017,9:00 AM,WALKLEY RD @ GLENHAVEN PRIV (0011424),03 - At intersection,03 - P.D. only,05 - Turning movement,01 - Clear,01 - Daylight,01 - Dry,01 - Traffic signal,01 - Functioning,2,0
13097,8/31/2017,5:46 PM,CATHERINE ST @ KENT ST (0002707),03 - At intersection,02 - Non-fatal injury,05 - Turning movement,01 - Clear,01 - Daylight,01 - Dry,01 - Traffic signal,01 - Functioning,2,1
13514,1/22/2017,4:30 PM,INNES RD @ ORLEANS BLVD (0003611),02 - Intersection related,03 - P.D. only,03 - Rear end,01 - Clear,01 - Daylight,01 - Dry,01 - Traffic signal,01 - Functioning,2,0
13564,9/8/2017,8:41 AM,COLDREY AVE @ KIRKWOOD AVE (0006736),03 - At intersection,02 - Non-fatal injury,02 - Angle,01 - Clear,01 - Daylight,01 - Dry,01 - Traffic signal,01 - Functioning,2,2
13784,9/19/2017,3:15 PM,CATHERINE ST @ KENT ST (0002707),03 - At intersection,03 - P.D. only,02 - Angle,01 - Clear,01 - Daylight,01 - Dry,01 - Traffic signal,01 - Functioning,2,0
430,2018/10/13,2:17 PM,INNES RD @ ORLEANS BLVD (0003611),02 - Intersection related,03 - P.D. only,03 - Rear end,01 - Clear,01 - Daylight,01 - Dry,01 - Traffic signal,01 - Functioning,2,0
647,2018/10/10,10:30 AM,AVIATION PKWY @ MONTREAL RD (0008799),03 - At intersection,03 - P.D. only,05 - Turning movement,01 - Clear,01 - Daylight,01 - Dry,01 - Traffic signal,01 - Functioning,2,0
1166,2018/10/18,4:18 PM,AVIATION PKWY @ MONTREAL RD (0008799),02 - Intersection related,03 - P.D. only,03 - Rear end,01 - Clear,01 - Daylight,01 - Dry,01 - Traffic signal,01 - Functioning,2,0
1465,2018/10/20,2:15 PM,BRONSON AVE @ POWELL AVE (0007212),02 - Intersection related,03 - P.D. only,04 - Sideswipe,01 - Clear,01 - Daylight,01 - Dry,01 - Traffic signal,01 - Functioning,2,0
1839,2018/10/22,3:00 PM,WALKLEY RD @ GLENHAVEN PRIV (0011424),02 - Intersection related,02 - Non-fatal injury,07 - SMV other,01 - Clear,01 - Daylight,01 - Dry,01 - Traffic signal,01 - Functioning,1,2
1897,2018/10/23,8:15 AM,BANK ST @ RIVERSIDE DR S (0002704),02 - Intersection related,03 - P.D. only,03 - Rear end,01 - Clear,01 - Daylight,01 - Dry,01 - Traffic signal,01 - Functioning,2,0
2145,2018/11/15,2:30 PM,BANK ST @ RIVERSIDE DR S (0002704),02 - Intersection related,03 - P.D. only,04 - Sideswipe,01 - Clear,01 - Daylight,01 - Dry,01 - Traffic signal,01 - Functioning,2,0
2599,2018/11/22,11:00 AM,WALKLEY RD @ GLENHAVEN PRIV (0011424),03 - At intersection,03 - P.D. only,02 - Angle,01 - Clear,01 - Daylight,01 - Dry,01 - Traffic signal,01 - Functioning,2,0
2721,2018/11/07,12:45 PM,AVIATION PKWY @ MONTREAL RD (0008799),03 - At intersection,03 - P.D. only,05 - Turning movement,01 - Clear,01 - Daylight,01 - Dry,01 - Traffic signal,01 - Functioning,2,0
3661,2018/12/07,1:15 PM,AVIATION PKWY @ MONTREAL RD (0008799),02 - Intersection related,03 - P.D. only,03 - Rear end,01 - Clear,01 - Daylight,01 - Dry,01 - Traffic signal,01 - Functioning,2,0
4544,2018/12/19,1:25 PM,GLADSTONE AVE @ ROCHESTER ST (0006496),03 - At intersection,02 - Non-fatal injury,07 - SMV other,01 - Clear,01 - Daylight,01 - Dry,01 - Traffic signal,01 - Functioning,1,1
4676,2018/12/29,2:46 PM,TENTH LINE RD @ VANGUARD DR (0004632),02 - Intersection related,03 - P.D. only,04 - Sideswipe,01 - Clear,01 - Daylight,01 - Dry,01 - Traffic signal,01 - Functioning,2,0
4762,2018/12/27,11:50 AM,TENTH LINE RD @ VANGUARD DR (0004632),02 - Intersection related,03 - P.D. only,04 - Sideswipe,01 - Clear,01 - Daylight,01 - Dry,01 - Traffic signal,01 - Functioning,2,0
5270,2018/02/02,12:57 PM,CATHERINE ST @ KENT ST (0002707),03 - At intersection,03 - P.D. only,05 - Turning movement,01 - Clear,01 - Daylight,01 - Dry,01 - Traffic signal,01 - Functioning,2,0
5427,2018/02/02,9:15 AM,BRONSON AVE @ POWELL AVE (0007212),03 - At intersection,03 - P.D. only,05 - Turning movement,01 - Clear,01 - Daylight,01 - Dry,01 - Traffic signal,01 - Functioning,2,0
6579,2018/02/25,12:42 PM,CATHERINE ST @ KENT ST (0002707),03 - At intersection,03 - P.D. only,02 - Angle,01 - Clear,01 - Daylight,01 - Dry,01 - Traffic signal,01 - Functioning,2,0
6729,2018/02/22,3:01 PM,WALKLEY RD @ GLENHAVEN PRIV (0011424),02 - Intersection related,03 - P.D. only,03 - Rear end,01 - Clear,01 - Daylight,01 - Dry,01 - Traffic signal,01 - Functioning,2,0
7090,2018/04/05,8:00 AM,BRONSON AVE @ POWELL AVE (0007212),02 - Intersection related,03 - P.D. only,07 - SMV other,01 - Clear,01 - Daylight,01 - Dry,01 - Traffic signal,01 - Functioning,1,0
7111,2018/03/19,2:30 PM,BANK ST @ RIVERSIDE DR S (0002704),03 - At intersection,03 - P.D. only,02 - Angle,01 - Clear,01 - Daylight,01 - Dry,01 - Traffic signal,01 - Functioning,2,0
7164,2018/03/20,8:35 AM,BANK ST @ RIVERSIDE DR S (0002704),02 - Intersection related,03 - P.D. only,03 - Rear end,01 - Clear,01 - Daylight,01 - Dry,01 - Traffic signal,01 - Functioning,2,0
7283,2018/03/15,5:48 PM,WALKLEY RD @ GLENHAVEN PRIV (0011424),02 - Intersection related,02 - Non-fatal injury,03 - Rear end,01 - Clear,01 - Daylight,01 - Dry,01 - Traffic signal,01 - Functioning,2,3
7297,2018/03/15,9:38 AM,BANK ST @ RIVERSIDE DR S (0002704),03 - At intersection,03 - P.D. only,02 - Angle,01 - Clear,01 - Daylight,01 - Dry,01 - Traffic signal,01 - Functioning,2,0
7553,2018/04/06,8:39 AM,PRINCE OF WALES DR @ MEADOWLANDS DR/HOG'S BACK (0001629),02 - Intersection related,03 - P.D. only,04 - Sideswipe,01 - Clear,01 - Daylight,01 - Dry,01 - Traffic signal,01 - Functioning,2,0
7629,2018/03/16,11:08 AM,CATHERINE ST @ KENT ST (0002707),02 - Intersection related,03 - P.D. only,03 - Rear end,01 - Clear,01 - Daylight,01 - Dry,01 - Traffic signal,01 - Functioning,2,0
7871,2018/03/23,1:52 PM,CATHERINE ST @ KENT ST (0002707),02 - Intersection related,03 - P.D. only,03 - Rear end,01 - Clear,01 - Daylight,01 - Dry,01 - Traffic signal,01 - Functioning,2,0
8134,2018/04/28,1:10 PM,PRINCE OF WALES DR @ MEADOWLANDS DR/HOG'S BACK (0001629),02 - Intersection related,03 - P.D. only,03 - Rear end,01 - Clear,01 - Daylight,01 - Dry,01 - Traffic signal,01 - Functioning,2,0
8508,2018/04/24,4:26 PM,AVIATION PKWY @ MONTREAL RD (0008799),02 - Intersection related,03 - P.D. only,03 - Rear end,01 - Clear,01 - Daylight,01 - Dry,01 - Traffic signal,01 - Functioning,2,0
8722,2018/04/09,5:06 PM,WALKLEY RD @ GLENHAVEN PRIV (0011424),02 - Intersection related,03 - P.D. only,05 - Turning movement,01 - Clear,01 - Daylight,01 - Dry,01 - Traffic signal,01 - Functioning,2,0
9070,2018/05/26,8:01 PM,CATHERINE ST @ KENT ST (0002707),02 - Intersection related,03 - P.D. only,04 - Sideswipe,01 - Clear,01 - Daylight,01 - Dry,01 - Traffic signal,01 - Functioning,2,0
9075,2018/05/27,1:33 PM,CATHERINE ST @ KENT ST (0002707),03 - At intersection,03 - P.D. only,04 - Sideswipe,01 - Clear,01 - Daylight,01 - Dry,01 - Traffic signal,01 - Functioning,2,0
9392,2018/05/13,3:10 PM,CATHERINE ST @ KENT ST (0002707),02 - Intersection related,03 - P.D. only,05 - Turning movement,01 - Clear,01 - Daylight,01 - Dry,01 - Traffic signal,01 - Functioning,2,0
9408,2018/05/22,8:18 AM,CEDARVIEW RD @ FALLOWFIELD RD (0001603),03 - At intersection,03 - P.D. only,05 - Turning movement,01 - Clear,01 - Daylight,01 - Dry,01 - Traffic signal,01 - Functioning,2,0
9534,2018/05/09,4:03 PM,AVIATION PKWY @ MONTREAL RD (0008799),03 - At intersection,02 - Non-fatal injury,05 - Turning movement,01 - Clear,01 - Daylight,01 - Dry,01 - Traffic signal,01 - Functioning,2,1
9683,2018/05/30,6:55 AM,AVIATION PKWY @ MONTREAL RD (0008799),02 - Intersection related,03 - P.D. only,03 - Rear end,01 - Clear,01 - Daylight,01 - Dry,01 - Traffic signal,01 - Functioning,2,0
9772,2018/05/20,12:50 PM,PRINCE OF WALES DR @ MEADOWLANDS DR/HOG'S BACK (0001629),03 - At intersection,03 - P.D. only,05 - Turning movement,01 - Clear,01 - Daylight,01 - Dry,01 - Traffic signal,01 - Functioning,3,0
9932,2018/05/28,5:55 PM,BANK ST @ RIVERSIDE DR S (0002704),02 - Intersection related,02 - Non-fatal injury,07 - SMV other,01 - Clear,01 - Daylight,01 - Dry,01 - Traffic signal,01 - Functioning,1,1
10247,2018/06/03,3:38 PM,AVIATION PKWY @ MONTREAL RD (0008799),02 - Intersection related,03 - P.D. only,03 - Rear end,01 - Clear,01 - Daylight,01 - Dry,01 - Traffic signal,01 - Functioning,2,0
10411,2018/06/21,4:25 PM,PRINCE OF WALES DR @ MEADOWLANDS DR/HOG'S BACK (0001629),03 - At intersection,03 - P.D. only,05 - Turning movement,01 - Clear,01 - Daylight,01 - Dry,01 - Traffic signal,01 - Functioning,2,0
10482,2018/06/22,8:35 AM,CEDARVIEW RD @ FALLOWFIELD RD (0001603),03 - At intersection,03 - P.D. only,05 - Turning movement,01 - Clear,01 - Daylight,01 - Dry,01 - Traffic signal,01 - Functioning,2,0
10867,2018/06/26,1:08 PM,BANK ST @ RIVERSIDE DR S (0002704),02 - Intersection related,03 - P.D. only,04 - Sideswipe,01 - Clear,01 - Daylight,01 - Dry,01 - Traffic signal,01 - Functioning,2,0
10959,2018/06/15,4:03 PM,INNES RD @ ORLEANS BLVD (0003611),02 - Intersection related,03 - P.D. only,03 - Rear end,01 - Clear,01 - Daylight,01 - Dry,01 - Traffic signal,01 - Functioning,2,0
11084,2018/07/09,11:21 AM,CEDARVIEW RD @ FALLOWFIELD RD (0001603),02 - Intersection related,03 - P.D. only,03 - Rear end,01 - Clear,01 - Daylight,01 - Dry,01 - Traffic signal,01 - Functioning,2,0
11143,2018/07/02,9:05 AM,BANK ST @ RIVERSIDE DR S (0002704),02 - Intersection related,02 - Non-fatal injury,03 - Rear end,01 - Clear,01 - Daylight,01 - Dry,01 - Traffic signal,01 - Functioning,2,1
11177,2018/07/03,6:10 PM,CATHERINE ST @ KENT ST (0002707),03 - At intersection,03 - P.D. only,05 - Turning movement,01 - Clear,01 - Daylight,01 - Dry,01 - Traffic signal,01 - Functioning,2,0