,Accident_Date,Accident_Time,Location,Accident_Location,Classification_of_Accident,Initial_Impact_Type,Environment_Condition,Light,Road_Surface_Condition,Traffic_Control,Traffic_Control_Condition,No__of_Vehicles,No__of_Injuries
11356,2018/07/04,3:05 PM,BANK ST @ RIVERSIDE DR S (0002704),02 - Intersection related,03 - P.D. only,03 - Rear end,01 - Clear,01 - Daylight,01 - Dry,01 - Traffic signal,01 - Functioning,2,0
11950,2018/07/05,3:14 PM,BANK ST @ RIVERSIDE DR S (0002704),02 - Intersection related,02 - Non-fatal injury,03 - Rear end,01 - Clear,01 - Daylight,01 - Dry,01 - Traffic signal,01 - Functioning,4,1
12178,2018/08/07,4:32 PM,AVIATION PKWY @ MONTREAL RD (0008799),02 - Intersection related,03 - P.D. only,03 - Rear end,01 - Clear,01 - Daylight,01 - Dry,01 - Traffic signal,01 - Functioning,2,0
12226,2018/07/30,1:56 PM,CEDARVIEW RD @ FALLOWFIELD RD (0001603),03 - At intersection,03 - P.D. only,05 - Turning movement,01 - Clear,01 - Daylight,01 - Dry,01 - Traffic signal,01 - Functioning,2,0
12537,2018/08/02,3:34 PM,PRINCE OF WALES DR @ MEADOWLANDS DR/HOG'S BACK (0001629),02 - Intersection related,03 - P.D. only,04 - Sideswipe,01 - Clear,01 - Daylight,01 - Dry,01 - Traffic signal,01 - Functioning,2,0
12553,2018/08/02,6:54 AM,AVIATION PKWY @ MONTREAL RD (0008799),02 - Intersection related,02 - Non-fatal injury,03 - Rear end,01 - Clear,01 - Daylight,01 - Dry,01 - Traffic signal,01 - Functioning,2,1
12607,2018/08/16,8:29 AM,CEDARVIEW RD @ FALLOWFIELD RD (0001603),02 - Intersection related,03 - P.D. only,03 - Rear end,01 - Clear,01 - Daylight,01 - Dry,01 - Traffic signal,01 - Functioning,2,0
12820,2018/07/22,12:16 PM,AVIATION PKWY @ MONTREAL RD (0008799),02 - Intersection related,02 - Non-fatal injury,03 - Rear end,01 - Clear,01 - Daylight,01 - Dry,01 - Traffic signal,01 - Functioning,2,1
12829,2018/07/22,4:12 PM,CATHERINE ST @ KENT ST (0002707),03 - At intersection,03 - P.D. only,05 - Turning movement,01 - Clear,01 - Daylight,01 - Dry,01 - Traffic signal,01 - Functioning,2,0
12886,2018/07/23,9:36 AM,TENTH LINE RD @ VANGUARD DR (0004632),03 - At intersection,02 - Non-fatal injury,02 - Angle,01 - Clear,01 - Daylight,01 - Dry,01 - Traffic signal,01 - Functioning,2,1
12969,2018/07/28,3:31 PM,PRINCE OF WALES DR @ MEADOWLANDS DR/HOG'S BACK (0001629),02 - Intersection related,03 - P.D. only,04 - Sideswipe,01 - Clear,01 - Daylight,01 - Dry,01 - Traffic signal,01 - Functioning,2,0
13479,2018/08/27,11:38 AM,AVIATION PKWY @ MONTREAL RD (0008799),02 - Intersection related,03 - P.D. only,03 - Rear end,01 - Clear,01 - Daylight,01 - Dry,01 - Traffic signal,01 - Functioning,2,0
13486,2018/08/27,3:00 PM,CATHERINE ST @ KENT ST (0002707),02 - Intersection related,03 - P.D. only,04 - Sideswipe,01 - Clear,01 - Daylight,01 - Dry,01 - Traffic signal,01 - Functioning,2,0
13598,2018/09/10,10:08 AM,AVIATION PKWY @ MONTREAL RD (0008799),03 - At intersection,03 - P.D. only,05 - Turning movement,01 - Clear,01 - Daylight,01 - Dry,01 - Traffic signal,01 - Functioning,2,0
13718,2018/09/14,6:10 PM,GLADSTONE AVE @ ROCHESTER ST (0006496),03 - At intersection,03 - P.D. only,02 - Angle,01 - Clear,01 - Daylight,01 - Dry,01 - Traffic signal,01 - Functioning,2,0
13754,2018/08/31,3:18 PM,BANK ST @ RIVERSIDE DR S (0002704),03 - At intersection,02 - Non-fatal injury,05 - Turning movement,01 - Clear,01 - Daylight,01 - Dry,01 - Traffic signal,01 - Functioning,2,4
13915,2018/08/30,6:24 PM,CATHERINE ST @ KENT ST (0002707),03 - At intersection,03 - P.D. only,02 - Angle,01 - Clear,01 - Daylight,01 - Dry,01 - Traffic signal,01 - Functioning,2,0
14010,2018/09/14,9:35 AM,AVIATION PKWY @ MONTREAL RD (0008799),03 - At intersection,03 - P.D. only,05 - Turning movement,01 - Clear,01 - Daylight,01 - Dry,01 - Traffic signal,01 - Functioning,2,0
14103,2018/09/17,2:44 PM,BRONSON AVE @ POWELL AVE (0007212),02 - Intersection related,03 - P.D. only,03 - Rear end,01 - Clear,01 - Daylight,01 - Dry,01 - Traffic signal,01 - Functioning,2,0
14180,2018/09/25,12:23 PM,INNES RD @ ORLEANS BLVD (0003611),02 - Intersection related,03 - P.D. only,04 - Sideswipe,01 - Clear,01 - Daylight,01 - Dry,01 - Traffic signal,01 - Functioning,2,0
14244,2018/09/20,1:20 PM,AVIATION PKWY @ MONTREAL RD (0008799),03 - At intersection,03 - P.D. only,02 - Angle,01 - Clear,01 - Daylight,01 - Dry,01 - Traffic signal,01 - Functioning,2,0
14286,2018/09/20,8:30 AM,TENTH LINE RD @ VANGUARD DR (0004632),03 - At intersection,03 - P.D. only,02 - Angle,01 - Clear,01 - Daylight,01 - Dry,01 - Traffic signal,01 - Functioning,2,0
217,2019/08/23,12:43 PM,AVIATION PKWY @ MONTREAL RD (0008799),02 - Intersection related,03 - P.D. only,07 - SMV other,01 - Clear,01 - Daylight,01 - Dry,01 - Traffic signal,01 - Functioning,1,0
278,2019/09/04,10:44 AM,BANK ST @ RIVERSIDE DR S (0002704),02 - Intersection related,02 - Non-fatal injury,03 - Rear end,01 - Clear,01 - Daylight,01 - Dry,01 - Traffic signal,01 - Functioning,2,1
339,2019/09/06,9:50 AM,CATHERINE ST @ KENT ST (0002707),02 - Intersection related,03 - P.D. only,04 - Sideswipe,01 - Clear,01 - Daylight,01 - Dry,01 - Traffic signal,01 - Functioning,2,0
803,2019/08/25,3:45 PM,CATHERINE ST @ KENT ST (0002707),02 - Intersection related,03 - P.D. only,03 - Rear end,01 - Clear,01 - Daylight,01 - Dry,01 - Traffic signal,01 - Functioning,2,0
872,2019/08/27,8:00 PM,CATHERINE ST @ KENT ST (0002707),03 - At intersection,03 - P.D. only,99 - Other,01 - Clear,01 - Daylight,01 - Dry,01 - Traffic signal,01 - Functioning,2,0
881,2019/08/27,8:55 AM,BANK ST @ RIVERSIDE DR S (0002704),02 - Intersection related,03 - P.D. only,03 - Rear end,01 - Clear,01 - Daylight,01 - Dry,01 - Traffic signal,01 - Functioning,2,0
971,2019/09/01,1:10 PM,CEDARVIEW RD @ FALLOWFIELD RD (0001603),03 - At intersection,03 - P.D. only,02 - Angle,01 - Clear,01 - Daylight,01 - Dry,01 - Traffic signal,01 - Functioning,3,0
1111,2019/09/24,12:17 PM,HAWTHORNE RD @ LEITRIM RD (0009269),03 - At intersection,02 - Non-fatal injury,02 - Angle,01 - Clear,01 - Daylight,01 - Dry,01 - Traffic signal,01 - Functioning,2,1
1663,2019/09/26,3:30 PM,CEDARVIEW RD @ FALLOWFIELD RD (0001603),02 - Intersection related,03 - P.D. only,03 - Rear end,01 - Clear,01 - Daylight,01 - Dry,01 - Traffic signal,01 - Functioning,2,0
1935,2019/09/14,10:37 AM,CATHERINE ST @ KENT ST (0002707),03 - At intersection,03 - P.D. only,05 - Turning movement,01 - Clear,01 - Daylight,01 - Dry,01 - Traffic signal,01 - Functioning,2,0
1972,2019/09/16,10:15 AM,BRONSON AVE @ POWELL AVE (0007212),02 - Intersection related,03 - P.D. only,03 - Rear end,01 - Clear,01 - Daylight,01 - Dry,01 - Traffic signal,01 - Functioning,2,0
2026,2019/10/07,2:30 PM,TENTH LINE RD @ VANGUARD DR (0004632),02 - Intersection related,03 - P.D. only,03 - Rear end,01 - Clear,01 - Daylight,01 - Dry,01 - Traffic signal,01 - Functioning,2,0
2096,2019/10/08,4:41 PM,CATHERINE ST @ KENT ST (0002707),03 - At intersection,03 - P.D. only,04 - Sideswipe,01 - Clear,01 - Daylight,01 - Dry,01 - Traffic signal,01 - Functioning,2,0
2373,2019/10/15,2:30 PM,BRONSON AVE @ POWELL AVE (0007212),02 - Intersection related,03 - P.D. only,03 - Rear end,01 - Clear,01 - Daylight,01 - Dry,01 - Traffic signal,01 - Functioning,2,0
2712,2019/10/09,2:04 PM,BANK ST @ RIVERSIDE DR S (0002704),02 - Intersection related,02 - Non-fatal injury,03 - Rear end,01 - Clear,01 - Daylight,01 - Dry,01 - Traffic signal,01 - Functioning,2,1
2850,2019/10/02,4:30 PM,HAWTHORNE RD @ LEITRIM RD (0009269),02 - Intersection related,03 - P.D. only,03 - Rear end,01 - Clear,01 - Daylight,01 - Dry,01 - Traffic signal,01 - Functioning,2,0
3051,2019/10/24,5:03 PM,BRONSON AVE @ POWELL AVE (0007212),03 - At intersection,03 - P.D. only,02 - Angle,01 - Clear,01 - Daylight,01 - Dry,01 - Traffic signal,01 - Functioning,3,0
3074,2019/11/05,8:59 AM,AVIATION PKWY @ MONTREAL RD (0008799),03 - At intersection,02 - Non-fatal injury,05 - Turning movement,01 - Clear,01 - Daylight,01 - Dry,01 - Traffic signal,01 - Functioning,2,2
3876,2019/10/28,10:56 AM,BANK ST @ RIVERSIDE DR S (0002704),02 - Intersection related,03 - P.D. only,04 - Sideswipe,01 - Clear,01 - Daylight,01 - Dry,01 - Traffic signal,01 - Functioning,2,0
4650,2019/11/19,2:21 PM,CATHERINE ST @ KENT ST (0002707),03 - At intersection,03 - P.D. only,05 - Turning movement,01 - Clear,01 - Daylight,01 - Dry,01 - Traffic signal,01 - Functioning,2,0
6620,2019/12/13,11:11 AM,AVIATION PKWY @ MONTREAL RD (0008799),02 - Intersection related,03 - P.D. only,03 - Rear end,01 - Clear,01 - Daylight,01 - Dry,01 - Traffic signal,01 - Functioning,2,0
6762,2019/12/22,2:45 PM,HAWTHORNE RD @ LEITRIM RD (0009269),02 - Intersection related,03 - P.D. only,02 - Angle,01 - Clear,01 - Daylight,01 - Dry,01 - Traffic signal,01 - Functioning,2,0
7031,2019/01/31,3:30 PM,INNES RD @ ORLEANS BLVD (0003611),02 - Intersection related,03 - P.D. only,03 - Rear end,01 - Clear,01 - Daylight,01 - Dry,01 - Traffic signal,01 - Functioning,3,0
8048,2019/02/11,12:10 PM,HAWTHORNE RD @ LEITRIM RD (0009269),03 - At intersection,03 - P.D. only,02 - Angle,01 - Clear,01 - Daylight,01 - Dry,01 - Traffic signal,01 - Functioning,2,0
9401,2019/03/15,4:00 PM,AVIATION PKWY @ MONTREAL RD (0008799),02 - Intersection related,03 - P.D. only,03 - Rear end,01 - Clear,01 - Daylight,01 - Dry,01 - Traffic signal,01 - Functioning,2,0
9794,2019/03/04,3:35 PM,PRINCE OF WALES DR @ MEADOWLANDS DR/HOG'S BACK (0001629),02 - Intersection related,03 - P.D. only,03 - Rear end,01 - Clear,01 - Daylight,01 - Dry,01 - Traffic signal,01 - Functioning,2,0
9883,2019/03/08,12:28 PM,GLADSTONE AVE @ ROCHESTER ST (0006496),02 - Intersection related,03 - P.D. only,07 - SMV other,01 - Clear,01 - Daylight,01 - Dry,01 - Traffic signal,01 - Functioning,1,0
9946,2019/03/09,2:09 PM,AVIATION PKWY @ MONTREAL RD (0008799),03 - At intersection,03 - P.D. only,05 - Turning movement,01 - Clear,01 - Daylight,01 - Dry,01 - Traffic signal,01 - Functioning,2,0
10065,2019/03/29,11:51 AM,BRONSON AVE @ POWELL AVE (0007212),02 - Intersection related,03 - P.D. only,04 - Sideswipe,01 - Clear,01 - Daylight,01 - Dry,01 - Traffic signal,01 - Functioning,3,0
10199,2019/04/11,12:33 PM,CATHERINE ST @ KENT ST (0002707),03 - At intersection,03 - P.D. only,04 - Sideswipe,01 - Clear,01 - Daylight,01 - Dry,01 - Traffic signal,01 - Functioning,2,0
10369,2019/03/22,5:20 PM,AVIATION PKWY @ MONTREAL RD (0008799),02 - Intersection related,03 - P.D. only,05 - Turning movement,01 - Clear,01 - Daylight,01 - Dry,01 - Traffic signal,01 - Functioning,2,0
10532,2019/04/12,11:42 AM,PRINCE OF WALES DR @ MEADOWLANDS DR/HOG'S BACK (0001629),02 - Intersection related,02 - Non-fatal injury,99 - Other,01 - Clear,01 - Daylight,01 - Dry,01 - Traffic signal,01 - Functioning,2,1
10548,2019/04/12,12:00 PM,CEDARVIEW RD @ FALLOWFIELD RD (0001603),02 - Intersection related,03 - P.D. only,99 - Other,01 - Clear,01 - Daylight,01 - Dry,01 - Traffic signal,01 - Functioning,2,0
10762,2019/04/06,5:40 PM,CATHERINE ST @ KENT ST (0002707),02 - Intersection related,03 - P.D. only,04 - Sideswipe,01 - Clear,01 - Daylight,01 - Dry,01 - Traffic signal,01 - Functioning,2,0
10842,2019/03/20,11:51 AM,WALKLEY RD @ GLENHAVEN PRIV (0011424),02 - Intersection related,02 - Non-fatal injury,03 - Rear end,01 - Clear,01 - Daylight,01 - Dry,01 - Traffic signal,01 - Functioning,3,1
11075,2019/05/04,9:25 AM,CATHERINE ST @ KENT ST (0002707),02 - Intersection related,03 - P.D. only,04 - Sideswipe,01 - Clear,01 - Daylight,01 - Dry,01 - Traffic signal,01 - Functioning,2,0
11076,2019/05/04,9:45 AM,CATHERINE ST @ KENT ST (0002707),03 - At intersection,03 - P.D. only,05 - Turning movement,01 - Clear,01 - Daylight,01 - Dry,01 - Traffic signal,01 - Functioning,2,0
11127,2019/05/06,2:55 PM,BRONSON AVE @ POWELL AVE (0007212),02 - Intersection related,03 - P.D. only,04 - Sideswipe,01 - Clear,01 - Daylight,01 - Dry,01 - Traffic signal,01 - Functioning,2,0
12075,2019/05/26,2:22 PM,TENTH LINE RD @ VANGUARD DR (0004632),02 - Intersection related,02 - Non-fatal injury,03 - Rear end,01 - Clear,01 - Daylight,01 - Dry,01 - Traffic signal,01 - Functioning,2,1
12090,2019/05/26,7:22 PM,CATHERINE ST @ KENT ST (0002707),03 - At intersection,03 - P.D. only,02 - Angle,01 - Clear,01 - Daylight,01 - Dry,01 - Traffic signal,01 - Functioning,2,0
12276,2019/05/31,7:06 AM,BANK ST @ RIVERSIDE DR S (0002704),02 - Intersection related,03 - P.D. only,03 - Rear end,01 - Clear,01 - Daylight,01 - Dry,01 - Traffic signal,01 - Functioning,2,0
12426,2019/05/22,5:05 PM,CATHERINE ST @ KENT ST (0002707),03 - At intersection,03 - P.D. only,05 - Turning movement,01 - Clear,01 - Daylight,01 - Dry,01 - Traffic signal,01 - Functioning,2,0
12657,2019/05/17,4:19 PM,AVIATION PKWY @ MONTREAL RD (0008799),02 - Intersection related,03 - P.D. only,03 - Rear end,01 - Clear,01 - Daylight,01 - Dry,01 - Traffic signal,01 - Functioning,2,0
12692,2019/05/18,10:06 AM,BANK ST @ RIVERSIDE DR S (0002704),03 - At intersection,02 - Non-fatal injury,02 - Angle,01 - Clear,01 - Daylight,01 - Dry,01 - Traffic signal,01 - Functioning,2,1
12720,2019/05/18,3:42 PM,BANK ST @ RIVERSIDE DR S (0002704),03 - At intersection,02 - Non-fatal injury,02 - Angle,01 - Clear,01 - Daylight,01 - Dry,01 - Traffic signal,01 - Functioning,2,1
12727,2019/01/14,4:00 PM,HAWTHORNE RD @ LEITRIM RD (0009269),02 - Intersection related,03 - P.D. only,03 - Rear end,01 - Clear,01 - Daylight,01 - Dry,01 - Traffic signal,01 - Functioning,2,0
12765,2019/01/15,1:30 PM,TENTH LINE RD @ VANGUARD DR (0004632),02 - Intersection related,03 - P.D. only,03 - Rear end,01 - Clear,01 - Daylight,01 - Dry,01 - Traffic signal,01 - Functioning,2,0
12790,2019/05/30,1:18 PM,CATHERINE ST @ KENT ST (0002707),03 - At intersection,03 - P.D. only,04 - Sideswipe,01 - Clear,01 - Daylight,01 - Dry,01 - Traffic signal,01 - Functioning,2,0
12872,2019/05/16,2:11 PM,COLDREY AVE @ KIRKWOOD AVE (0006736),03 - At intersection,02 - Non-fatal injury,05 - Turning movement,01 - Clear,01 - Daylight,01 - Dry,01 - Traffic signal,01 - Functioning,2,3
13058,2019/06/18,1:14 PM,CATHERINE ST @ KENT ST (0002707),03 - At intersection,03 - P.D. only,05 - Turning movement,01 - Clear,01 - Daylight,01 - Dry,01 - Traffic signal,01 - Functioning,2,0
13107,2019/06/18,7:58 AM,PRINCE OF WALES DR @ MEADOWLANDS DR/HOG'S BACK (0001629),02 - Intersection related,03 - P.D. only,03 - Rear end,01 - Clear,01 - Daylight,01 - Dry,01 - Traffic signal,01 - Functioning,2,0
13359,2019/06/08,5:50 PM,BANK ST @ RIVERSIDE DR S (0002704),02 - Intersection related,02 - Non-fatal injury,03 - Rear end,01 - Clear,01 - Daylight,01 - Dry,01 - Traffic signal,01 - Functioning,2,1
13393,2019/06/09,11:34 AM,CEDARVIEW RD @ FALLOWFIELD RD (0001603),02 - Intersection related,03 - P.D. only,03 - Rear end,01 - Clear,01 - Daylight,01 - Dry,01 - Traffic signal,01 - Functioning,2,0
13443,2019/06/10,6:56 PM,CATHERINE ST @ KENT ST (0002707),03 - At intersection,03 - P.D. only,05 - Turning movement,01 - Clear,01 - Daylight,01 - Dry,01 - Traffic signal,01 - Functioning,2,0
13488,2019/06/04,7:26 PM,BRONSON AVE @ POWELL AVE (0007212),03 - At intersection,03 - P.D. only,02 - Angle,01 - Clear,01 - Daylight,01 - Dry,01 - Traffic signal,01 - Functioning,2,0
13523,2019/06/05,6:15 PM,WALKLEY RD @ GLENHAVEN PRIV (0011424),02 - Intersection related,03 - P.D. only,04 - Sideswipe,01 - Clear,01 - Daylight,01 - Dry,01 - Traffic signal,01 - Functioning,2,0
13527,2019/06/05,7:57 AM,TENTH LINE RD @ VANGUARD DR (0004632),02 - Intersection related,02 - Non-fatal injury,03 - Rear end,01 - Clear,01 - Daylight,01 - Dry,01 - Traffic signal,01 - Functioning,2,1
14056,2019/06/24,5:00 PM,HAWTHORNE RD @ LEITRIM RD (0009269),03 - At intersection,03 - P.D. only,05 - Turning movement,01 - Clear,01 - Daylight,01 - Dry,01 - Traffic signal,01 - Functioning,2,0
14125,2019/06/25,7:45 PM,INNES RD @ ORLEANS BLVD (0003611),02 - Intersection related,03 - P.D. only,03 - Rear end,01 - Clear,01 - Daylight,01 - Dry,01 - Traffic signal,01 - Functioning,2,0
14161,2019/06/30,9:13 AM,CATHERINE ST @ KENT ST (0002707),03 - At intersection,03 - P.D. only,05 - Turning movement,01 - Clear,01 - Daylight,01 - Dry,01 - Traffic signal,01 - Functioning,2,0
14271,2019/07/08,1:06 PM,PRINCE OF WALES DR @ MEADOWLANDS DR/HOG'S BACK (0001629),03 - At intersection,03 - P.D. only,02 - Angle,01 - Clear,01 - Daylight,01 - Dry,01 - Traffic signal,01 - Functioning,2,0
14440,2019/07/14,1:05 PM,CATHERINE ST @ KENT ST (0002707),03 - At intersection,02 - Non-fatal injury,05 - Turning movement,01 - Clear,01 - Daylight,01 - Dry,01 - Traffic signal,01 - Functioning,2,2
14526,2019/06/27,7:30 PM,CATHERINE ST @ KENT ST (0002707),03 - At intersection,03 - P.D. only,05 - Turning movement,01 - Clear,01 - Daylight,01 - Dry,01 - Traffic signal,01 - Functioning,2,0
14530,2019/06/27,8:00 PM,CATHERINE ST @ KENT ST (0002707),03 - At intersection,03 - P.D. only,05 - Turning movement,01 - Clear,01 - Daylight,01 - Dry,01 - Traffic signal,01 - Functioning,2,0
14533,2019/07/03,11:37 AM,CATHERINE ST @ KENT ST (0002707),03 - At intersection,03 - P.D. only,05 - Turning movement,01 - Clear,01 - Daylight,01 - Dry,01 - Traffic signal,01 - Functioning,2,0
14646,2019/06/26,6:19 PM,CATHERINE ST @ KENT ST (0002707),03 - At intersection,03 - P.D. only,05 - Turning movement,01 - Clear,01 - Daylight,01 - Dry,01 - Traffic signal,01 - Functioning,2,0
14662,2019/01/17,11:15 AM,BANK ST @ RIVERSIDE DR S (0002704),02 - Intersection related,03 - P.D. only,04 - Sideswipe,01 - Clear,01 - Daylight,01 - Dry,01 - Traffic signal,01 - Functioning,2,0
14721,2019/07/10,2:00 PM,PRINCE OF WALES DR @ MEADOWLANDS DR/HOG'S BACK (0001629),03 - At intersection,03 - P.D. only,05 - Turning movement,01 - Clear,01 - Daylight,01 - Dry,01 - Traffic signal,01 - Functioning,2,0
14758,2019/07/10,8:40 AM,HAWTHORNE RD @ LEITRIM RD (0009269),02 - Intersection related,03 - P.D. only,04 - Sideswipe,01 - Clear,01 - Daylight,01 - Dry,01 - Traffic signal,01 - Functioning,2,0
14897,2019/07/03,8:18 AM,BANK ST @ RIVERSIDE DR S (0002704),02 - Intersection related,03 - P.D. only,04 - Sideswipe,01 - Clear,01 - Daylight,01 - Dry,01 - Traffic signal,01 - Functioning,2,0
15027,2019/07/18,7:07 PM,AVIATION PKWY @ MONTREAL RD (0008799),03 - At intersection,03 - P.D. only,05 - Turning movement,01 - Clear,01 - Daylight,01 - Dry,01 - Traffic signal,01 - Functioning,2,0
15056,2019/07/19,12:35 PM,CATHERINE ST @ KENT ST (0002707),03 - At intersection,03 - P.D. only,05 - Turning movement,01 - Clear,01 - Daylight,01 - Dry,01 - Traffic signal,01 - Functioning,2,0
15085,2019/07/19,7:40 AM,BANK ST @ RIVERSIDE DR S (0002704),02 - Intersection related,02 - Non-fatal injury,04 - Sideswipe,01 - Clear,01 - Daylight,01 - Dry,01 - Traffic signal,01 - Functioning,2,1
15144,2019/08/01,10:20 AM,INNES RD @ ORLEANS BLVD (0003611),03 - At intersection,03 - P.D. only,05 - Turning movement,01 - Clear,01 - Daylight,01 - Dry,01 - Traffic signal,01 - Functioning,2,0
15163,2019/08/01,5:00 PM,HERON RD @ 155 W OF BANK ST/CANADIAN TIRE SC (0008219),03 - At intersection,03 - P.D. only,05 - Turning movement,01 - Clear,01 - Daylight,01 - Dry,01 - Traffic signal,01 - Functioning,2,0
15200,2019/08/02,10:04 AM,TENTH LINE RD @ VANGUARD DR (0004632),02 - Intersection related,02 - Non-fatal injury,03 - Rear end,01 - Clear,01 - Daylight,01 - Dry,01 - Traffic signal,01 - Functioning,2,1
15208,2019/08/02,2:57 PM,AVIATION PKWY @ MONTREAL RD (0008799),02 - Intersection related,03 - P.D. only,04 - Sideswipe,01 - Clear,01 - Daylight,01 - Dry,01 - Traffic signal,01 - Functioning,2,0
15253,2019/07/27,10:40 AM,CATHERINE ST @ KENT ST (0002707),03 - At intersection,03 - P.D. only,04 - Sideswipe,01 - Clear,01 - Daylight,01 - Dry,01 - Traffic signal,01 - Functioning,2,0
15265,2019/07/27,6:44 PM,CATHERINE ST @ KENT ST (0002707),03 - At intersection,03 - P.D. only,04 - Sideswipe,01 - Clear,01 - Daylight,01 - Dry,01 - Traffic signal,01 - Functioning,2,0
15400,2019/08/08,1:10 PM,PRINCE OF WALES DR @ MEADOWLANDS DR/HOG'S BACK (0001629),03 - At intersection,02 - Non-fatal injury,02 - Angle,01 - Clear,01 - Daylight,01 - Dry,01 - Traffic signal,01 - Functioning,2,2
15413,2019/08/08,3:02 PM,INNES RD @ ORLEANS BLVD (0003611),02 - Intersection related,03 - P.D. only,03 - Rear end,01 - Clear,01 - Daylight,01 - Dry,01 - Traffic signal,01 - Functioning,3,0
15517,2019/08/06,11:28 AM,CATHERINE ST @ KENT ST (0002707),02 - Intersection related,03 - P.D. only,03 - Rear end,01 - Clear,01 - Daylight,01 - Dry,01 - Traffic signal,01 - Functioning,3,0
15663,2019/07/16,6:10 PM,HAWTHORNE RD @ LEITRIM RD (0009269),02 - Intersection related,03 - P.D. only,03 - Rear end,01 - Clear,01 - Daylight,01 - Dry,01 - Traffic signal,01 - Functioning,2,0
15688,2019/07/23,9:28 AM,BANK ST @ RIVERSIDE DR S (0002704),02 - Intersection related,03 - P.D. only,03 - Rear end,01 - Clear,01 - Daylight,01 - Dry,01 - Traffic signal,01 - Functioning,3,0
15834,2019/07/18,11:23 AM,WALKLEY RD @ GLENHAVEN PRIV (0011424),02 - Intersection related,03 - P.D. only,03 - Rear end,01 - Clear,01 - Daylight,01 - Dry,01 - Traffic signal,01 - Functioning,2,0
15880,2019/07/30,5:45 PM,AVIATION PKWY @ MONTREAL RD (0008799),02 - Intersection related,02 - Non-fatal injury,02 - Angle,01 - Clear,01 - Daylight,01 - Dry,01 - Traffic signal,01 - Functioning,2,1
15977,2019/07/26,3:43 PM,INNES RD @ ORLEANS BLVD (0003611),02 - Intersection related,03 - P.D. only,03 - Rear end,01 - Clear,01 - Daylight,01 - Dry,01 - Traffic signal,01 - Functioning,2,0
16205,2019/08/10,4:30 PM,HAWTHORNE RD @ LEITRIM RD (0009269),03 - At intersection,03 - P.D. only,02 - Angle,01 - Clear,01 - Daylight,01 - Dry,01 - Traffic signal,01 - Functioning,2,0